query_id,prev_source,prev_speedup_stored,prev_speedup_recomputed,prev_speedup_gap,swarm_speedup,delta_stored,delta_same_baseline,prev_ms,swarm_ms,baseline_ms,prev_transforms,swarm_transforms,prev_principle_key,prev_principle_label,explored_assignment,explored_reanalyze,explored_sql,explored_where,best_principle_worker_speedup,reason_category,reason_detail,baseline_mismatch_flag,semantic_drift_flag,semantic_drift_notes,provenance_risk_flag,prev_sql_path,swarm_sql_path,original_sql_path
q9,Retry3W,4.47,2.7678046803768614,1.7021953196231383,0.4245,-4.05x,-2.3433046803768613,493.55,3411.74,1366.05,,pushdown|single_pass_aggregation|materialize_cte,single_pass_aggregation,Replace repeated scans with one CASE-based aggregate pass,True,True,True,"assignment,reanalyze,worker_sql",0.4244512598812492,principle_attempt_regressed,Workers using principle `single_pass_aggregation` regressed (best 0.424x).,True,True,"numeric literals diverged (5 new, 6 missing); measure columns changed (jaccard=0.20)",False,/mnt/c/Users/jakc9/Documents/QueryTorque_V8/research/retry_archive/retry_collect/q9/w2_optimized.sql,/mnt/c/Users/jakc9/Documents/QueryTorque_V8/packages/qt-sql/ado/benchmarks/duckdb_tpcds/swarm_batch_20260208_102033/query_9/worker_1_sql.sql,/mnt/c/Users/jakc9/Documents/QueryTorque_V8/packages/qt-sql/ado/benchmarks/duckdb_tpcds/queries/query_9.sql
q81,unvalidated,4.3813,1.6419143949673125,2.739385605032688,1.2667,-3.11x,-0.37521439496731257,81.07,168.0,133.11,decorrelate,,decorrelate,Decorrelate subqueries into join/group pipelines,True,False,True,"assignment,worker_sql",2.2771348098625417,selection_or_variance_gap,"Principle was explored near/above prior level, but final swarm pick still under previous best.",True,False,,True,/mnt/c/Users/jakc9/Documents/QueryTorque_V8/research/CONSOLIDATED_BENCHMARKS/kimi_q31-q99_optimization/q81/output_optimized.sql,/mnt/c/Users/jakc9/Documents/QueryTorque_V8/packages/qt-sql/ado/benchmarks/duckdb_tpcds/swarm_batch_20260208_102033/query_81/snipe_worker_sql.sql,/mnt/c/Users/jakc9/Documents/QueryTorque_V8/packages/qt-sql/ado/benchmarks/duckdb_tpcds/queries/query_81.sql
q11,Evo,4.0,2.352441034913713,1.647558965086287,1.2689,-2.73x,-1.0835410349137131,1504.28,2451.05,3538.73,,multi_date_range_cte|multi_dimension_prefetch|prefetch_fact_join,date_cte_isolate,Isolate date filters into selective CTE before fact joins,True,False,True,"assignment,worker_sql",1.2689008923388794,principle_attempt_underperformed,Principle `date_cte_isolate` was explored but best swarm attempt (1.269x) was below previous result (2.352x on same-baseline when available).,True,False,,False,/mnt/c/Users/jakc9/Documents/QueryTorque_V8/research/CONSOLIDATED_BENCHMARKS/benchmark_output_v1_standard/q11/iteration_1_validated_4.00x.sql,/mnt/c/Users/jakc9/Documents/QueryTorque_V8/packages/qt-sql/ado/benchmarks/duckdb_tpcds/swarm_batch_20260208_102033/query_11/worker_3_sql.sql,/mnt/c/Users/jakc9/Documents/QueryTorque_V8/packages/qt-sql/ado/benchmarks/duckdb_tpcds/queries/query_11.sql
q63,Retry3W,3.77,2.6747809152872444,1.0952190847127556,1.1593,-2.61x,-1.5154809152872444,102.7,267.92,274.7,or_to_union,,or_to_union,OR predicate decomposition into UNION ALL branches,True,False,False,assignment,0.5096135106412799,principle_attempt_regressed,Workers using principle `or_to_union` regressed (best 0.510x).,True,True,"date literals changed; numeric literals diverged (12 new, 9 missing)",False,/mnt/c/Users/jakc9/Documents/QueryTorque_V8/research/retry_archive/retry_collect/q63/w2_optimized.sql,/mnt/c/Users/jakc9/Documents/QueryTorque_V8/packages/qt-sql/ado/benchmarks/duckdb_tpcds/swarm_batch_20260208_102033/query_63/snipe_worker_sql.sql,/mnt/c/Users/jakc9/Documents/QueryTorque_V8/packages/qt-sql/ado/benchmarks/duckdb_tpcds/queries/query_63.sql
q46,Retry4W,3.23,2.1871243990384612,1.0428756009615388,1.0187,-2.21x,-1.1684243990384613,266.24,628.31,582.3,or_to_union,,or_to_union,OR predicate decomposition into UNION ALL branches,True,True,False,"assignment,reanalyze",0.9750101442644353,principle_attempt_regressed,Workers using principle `or_to_union` regressed (best 0.975x).,True,False,,False,/mnt/c/Users/jakc9/Documents/QueryTorque_V8/research/retry_archive/retry_neutrals/q46/w3_optimized.sql,/mnt/c/Users/jakc9/Documents/QueryTorque_V8/packages/qt-sql/ado/benchmarks/duckdb_tpcds/swarm_batch_20260208_102033/query_46/snipe_worker_sql.sql,/mnt/c/Users/jakc9/Documents/QueryTorque_V8/packages/qt-sql/ado/benchmarks/duckdb_tpcds/queries/query_46.sql
q15,Evo,3.17,1.9418212478920744,1.2281787521079255,2.1307,-1.04x,0.1888787521079256,47.44,43.24,92.12,or_to_union,,or_to_union,OR predicate decomposition into UNION ALL branches,True,False,False,assignment,1.283458551687203,principle_attempt_underperformed,Principle `or_to_union` was explored but best swarm attempt (1.283x) was below previous result (1.942x on same-baseline when available).,True,False,,False,/mnt/c/Users/jakc9/Documents/QueryTorque_V8/research/CONSOLIDATED_BENCHMARKS/benchmark_output_v1_standard/q15/iteration_1_validated_3.17x.sql,/mnt/c/Users/jakc9/Documents/QueryTorque_V8/packages/qt-sql/ado/benchmarks/duckdb_tpcds/swarm_batch_20260208_102033/query_15/snipe_worker_sql.sql,/mnt/c/Users/jakc9/Documents/QueryTorque_V8/packages/qt-sql/ado/benchmarks/duckdb_tpcds/queries/query_15.sql
q1,Kimi,2.92,1.3101049548450086,1.6098950451549914,1.6196,-1.30x,0.3094950451549914,81.94,65.84,107.35,decorrelate,prefetch_fact_join|multi_dimension_prefetch|single_pass_aggregation,decorrelate,Decorrelate subqueries into join/group pipelines,True,False,True,"assignment,worker_sql",1.6196398374168426,selection_or_variance_gap,"Principle was explored near/above prior level, but final swarm pick still under previous best.",True,False,,False,/mnt/c/Users/jakc9/Documents/QueryTorque_V8/research/CONSOLIDATED_BENCHMARKS/kimi_q1-q30_optimization/q1/output_optimized.sql,/mnt/c/Users/jakc9/Documents/QueryTorque_V8/packages/qt-sql/ado/benchmarks/duckdb_tpcds/swarm_batch_20260208_102033/query_1/worker_3_sql.sql,/mnt/c/Users/jakc9/Documents/QueryTorque_V8/packages/qt-sql/ado/benchmarks/duckdb_tpcds/queries/query_1.sql
q4,analyst_mode,2.91,1.4151114962416516,1.4948885037583486,1.6144,-1.30x,0.1992885037583485,3508.19,3075.16,4964.48,history_steered,,history_steered,History-guided structural rewrite pattern,False,False,True,worker_sql,1.6143809499293833,selection_or_variance_gap,"Principle was explored near/above prior level, but final swarm pick still under previous best.",True,False,,True,/mnt/c/Users/jakc9/Documents/QueryTorque_V8/packages/qt-sql/ado/benchmarks/duckdb_tpcds/analyst_query_4/07_optimized.sql,/mnt/c/Users/jakc9/Documents/QueryTorque_V8/packages/qt-sql/ado/benchmarks/duckdb_tpcds/swarm_batch_20260208_102033/query_4/final_worker_sql.sql,/mnt/c/Users/jakc9/Documents/QueryTorque_V8/packages/qt-sql/ado/benchmarks/duckdb_tpcds/queries/query_4.sql
q42,Retry4W,2.8,2.0539776378357537,0.7460223621642461,1.0251,-1.77x,-1.0288776378357538,77.81,139.24,159.82,date_cte_isolate,prefetch_fact_join|multi_date_range_cte|shared_dimension_multi_channel,date_cte_isolate,Isolate date filters into selective CTE before fact joins,True,False,True,"assignment,worker_sql",1.025125483231147,principle_attempt_underperformed,Principle `date_cte_isolate` was explored but best swarm attempt (1.025x) was below previous result (2.054x on same-baseline when available).,True,True,date literals changed,False,/mnt/c/Users/jakc9/Documents/QueryTorque_V8/research/retry_archive/retry_neutrals/q42/w3_optimized.sql,/mnt/c/Users/jakc9/Documents/QueryTorque_V8/packages/qt-sql/ado/benchmarks/duckdb_tpcds/swarm_batch_20260208_102033/query_42/worker_3_sql.sql,/mnt/c/Users/jakc9/Documents/QueryTorque_V8/packages/qt-sql/ado/benchmarks/duckdb_tpcds/queries/query_42.sql
q93,Kimi,2.73,1.0032448321276557,1.7267551678723443,2.0173,-0.71x,1.0140551678723444,1047.82,521.1,1051.22,decorrelate,,decorrelate,Decorrelate subqueries into join/group pipelines,True,False,True,"assignment,worker_sql",2.017311322590128,selection_or_variance_gap,"Principle was explored near/above prior level, but final swarm pick still under previous best.",True,False,,False,/mnt/c/Users/jakc9/Documents/QueryTorque_V8/research/CONSOLIDATED_BENCHMARKS/kimi_q31-q99_optimization/q93/output_optimized.sql,/mnt/c/Users/jakc9/Documents/QueryTorque_V8/packages/qt-sql/ado/benchmarks/duckdb_tpcds/swarm_batch_20260208_102033/query_93/final_worker_sql.sql,/mnt/c/Users/jakc9/Documents/QueryTorque_V8/packages/qt-sql/ado/benchmarks/duckdb_tpcds/queries/query_93.sql
q43,Retry3W,2.71,1.5607513463811902,1.1492486536188098,1.3239,-1.39x,-0.2368513463811901,228.39,269.24,356.46,early_filter,,early_filter,Push selective filters before heavy joins/aggregations,True,True,True,"assignment,reanalyze,worker_sql",1.3239256610840502,principle_attempt_underperformed,Principle `early_filter` was explored but best swarm attempt (1.324x) was below previous result (1.561x on same-baseline when available).,True,False,,False,/mnt/c/Users/jakc9/Documents/QueryTorque_V8/research/retry_archive/retry_collect/q43/w2_optimized.sql,/mnt/c/Users/jakc9/Documents/QueryTorque_V8/packages/qt-sql/ado/benchmarks/duckdb_tpcds/swarm_batch_20260208_102033/query_43/final_worker_sql.sql,/mnt/c/Users/jakc9/Documents/QueryTorque_V8/packages/qt-sql/ado/benchmarks/duckdb_tpcds/queries/query_43.sql
q77,Retry4W,2.56,1.728578383641675,0.831421616358325,1.0665,-1.49x,-0.662078383641675,164.32,278.25,284.04,date_cte_isolate,or_to_union|intersect_to_exists|composite_decorrelate_union,date_cte_isolate,Isolate date filters into selective CTE before fact joins,True,False,True,"assignment,worker_sql",1.0664575249788388,principle_attempt_underperformed,Principle `date_cte_isolate` was explored but best swarm attempt (1.066x) was below previous result (1.729x on same-baseline when available).,True,False,,False,/mnt/c/Users/jakc9/Documents/QueryTorque_V8/research/retry_archive/retry_neutrals/q77/w4_optimized.sql,/mnt/c/Users/jakc9/Documents/QueryTorque_V8/packages/qt-sql/ado/benchmarks/duckdb_tpcds/swarm_batch_20260208_102033/query_77/worker_4_sql.sql,/mnt/c/Users/jakc9/Documents/QueryTorque_V8/packages/qt-sql/ado/benchmarks/duckdb_tpcds/queries/query_77.sql
q52,Retry4W,2.5,1.6066157228095885,0.8933842771904115,1.072,-1.43x,-0.5346157228095885,95.53,158.75,153.48,date_cte_isolate,,date_cte_isolate,Isolate date filters into selective CTE before fact joins,True,False,True,"assignment,worker_sql",1.0720385109381938,principle_attempt_underperformed,Principle `date_cte_isolate` was explored but best swarm attempt (1.072x) was below previous result (1.607x on same-baseline when available).,True,True,date literals changed,False,/mnt/c/Users/jakc9/Documents/QueryTorque_V8/research/retry_archive/retry_neutrals_sf10_winners/q52/w3_optimized.sql,/mnt/c/Users/jakc9/Documents/QueryTorque_V8/packages/qt-sql/ado/benchmarks/duckdb_tpcds/swarm_batch_20260208_102033/query_52/snipe_worker_sql.sql,/mnt/c/Users/jakc9/Documents/QueryTorque_V8/packages/qt-sql/ado/benchmarks/duckdb_tpcds/queries/query_52.sql
q21,Retry4W,2.43,2.065299145299145,0.364700854700855,1.1274,-1.30x,-0.9378991452991452,29.25,62.13,60.41,date_cte_isolate,,date_cte_isolate,Isolate date filters into selective CTE before fact joins,True,False,True,"assignment,worker_sql",1.1273954652635738,principle_attempt_underperformed,Principle `date_cte_isolate` was explored but best swarm attempt (1.127x) was below previous result (2.065x on same-baseline when available).,True,True,"numeric literals diverged (8 new, 6 missing)",False,/mnt/c/Users/jakc9/Documents/QueryTorque_V8/research/retry_archive/retry_neutrals/q21/w2_optimized.sql,/mnt/c/Users/jakc9/Documents/QueryTorque_V8/packages/qt-sql/ado/benchmarks/duckdb_tpcds/swarm_batch_20260208_102033/query_21/snipe_worker_sql.sql,/mnt/c/Users/jakc9/Documents/QueryTorque_V8/packages/qt-sql/ado/benchmarks/duckdb_tpcds/queries/query_21.sql
q29,Retry3W,2.35,1.5325098411836569,0.8174901588163432,1.0282,-1.32x,-0.5043098411836568,294.68,450.52,451.6,date_cte_isolate,date_cte_isolate|dimension_cte_isolate|multi_date_range_cte,date_cte_isolate,Isolate date filters into selective CTE before fact joins,True,False,True,"assignment,worker_sql",1.0281513939509057,principle_attempt_underperformed,Principle `date_cte_isolate` was explored but best swarm attempt (1.028x) was below previous result (1.533x on same-baseline when available).,True,True,date literals changed,False,/mnt/c/Users/jakc9/Documents/QueryTorque_V8/research/retry_archive/retry_collect/q29/w1_optimized.sql,/mnt/c/Users/jakc9/Documents/QueryTorque_V8/packages/qt-sql/ado/benchmarks/duckdb_tpcds/swarm_batch_20260208_102033/query_29/worker_2_sql.sql,/mnt/c/Users/jakc9/Documents/QueryTorque_V8/packages/qt-sql/ado/benchmarks/duckdb_tpcds/queries/query_29.sql
q23,Retry4W,2.33,1.2177800650012796,1.1122199349987205,,N/A,,10473.64,,12754.59,date_cte_isolate,,date_cte_isolate,Isolate date filters into selective CTE before fact joins,True,True,True,"assignment,reanalyze,worker_sql",3.13078496414298,missing_swarm_result,No valid swarm speedup recorded; previous best stood uncontested in this batch.,True,True,date literals changed,False,/mnt/c/Users/jakc9/Documents/QueryTorque_V8/research/retry_archive/retry_neutrals/q23/w1_optimized.sql,,/mnt/c/Users/jakc9/Documents/QueryTorque_V8/packages/qt-sql/ado/benchmarks/duckdb_tpcds/queries/query_23.sql
q47,Retry4W,2.31,1.0845015110898628,1.2254984889101372,1.0737,-1.24x,-0.010801511089862714,1171.34,1274.16,1270.32,or_to_union,,or_to_union,OR predicate decomposition into UNION ALL branches,True,False,False,assignment,0.7478064713060996,principle_attempt_regressed,Workers using principle `or_to_union` regressed (best 0.748x).,True,True,"date literals changed; numeric literals diverged (11 new, 2 missing)",False,/mnt/c/Users/jakc9/Documents/QueryTorque_V8/research/retry_archive/retry_neutrals_sf10_winners/q47/w3_optimized.sql,/mnt/c/Users/jakc9/Documents/QueryTorque_V8/packages/qt-sql/ado/benchmarks/duckdb_tpcds/swarm_batch_20260208_102033/query_47/snipe_worker_sql.sql,/mnt/c/Users/jakc9/Documents/QueryTorque_V8/packages/qt-sql/ado/benchmarks/duckdb_tpcds/queries/query_47.sql
q2,unvalidated,2.0971,1.3576304187274804,0.7394695812725198,,N/A,,446.83,,606.63,pushdown,,pushdown,Predicate pushdown into fact scans,True,False,False,assignment,2.083574024790939,missing_swarm_result,No valid swarm speedup recorded; previous best stood uncontested in this batch.,True,False,,True,/mnt/c/Users/jakc9/Documents/QueryTorque_V8/research/CONSOLIDATED_BENCHMARKS/kimi_q1-q30_optimization/q2/output_optimized.sql,,/mnt/c/Users/jakc9/Documents/QueryTorque_V8/packages/qt-sql/ado/benchmarks/duckdb_tpcds/queries/query_2.sql
q80,Retry4W,2.06,0.906832710007692,1.153167289992308,1.9122,-0.15x,1.0053672899923078,754.02,416.45,683.77,date_cte_isolate,date_cte_isolate|dimension_cte_isolate|shared_dimension_multi_channel,date_cte_isolate,Isolate date filters into selective CTE before fact joins,True,False,True,"assignment,worker_sql",1.9121582527989138,selection_or_variance_gap,"Principle was explored near/above prior level, but final swarm pick still under previous best.",True,False,,False,/mnt/c/Users/jakc9/Documents/QueryTorque_V8/research/retry_archive/retry_neutrals_sf10_winners/q80/w3_optimized.sql,/mnt/c/Users/jakc9/Documents/QueryTorque_V8/packages/qt-sql/ado/benchmarks/duckdb_tpcds/swarm_batch_20260208_102033/query_80/worker_2_sql.sql,/mnt/c/Users/jakc9/Documents/QueryTorque_V8/packages/qt-sql/ado/benchmarks/duckdb_tpcds/queries/query_80.sql
q39,Retry4W,2.02,14.30263099120025,-12.28263099120025,,N/A,,223.87,,3201.93,date_cte_isolate,,date_cte_isolate,Isolate date filters into selective CTE before fact joins,True,False,True,"assignment,worker_sql",12.854769119397536,missing_swarm_result,No valid swarm speedup recorded; previous best stood uncontested in this batch.,True,True,date literals changed,False,/mnt/c/Users/jakc9/Documents/QueryTorque_V8/research/retry_archive/retry_neutrals_sf10_winners/q39/w4_optimized.sql,,/mnt/c/Users/jakc9/Documents/QueryTorque_V8/packages/qt-sql/ado/benchmarks/duckdb_tpcds/queries/query_39.sql
q97,Retry4W,1.98,0.8847130751421699,1.09528692485783,1.216,-0.76x,0.33128692485783007,1334.67,1228.63,1180.8,date_cte_isolate,,date_cte_isolate,Isolate date filters into selective CTE before fact joins,True,False,True,"assignment,worker_sql",1.2159707620662126,selection_or_variance_gap,"Principle was explored near/above prior level, but final swarm pick still under previous best.",True,False,,False,/mnt/c/Users/jakc9/Documents/QueryTorque_V8/research/retry_archive/retry_neutrals_sf10_winners/q97/w4_optimized.sql,/mnt/c/Users/jakc9/Documents/QueryTorque_V8/packages/qt-sql/ado/benchmarks/duckdb_tpcds/swarm_batch_20260208_102033/query_97/snipe_worker_sql.sql,/mnt/c/Users/jakc9/Documents/QueryTorque_V8/packages/qt-sql/ado/benchmarks/duckdb_tpcds/queries/query_97.sql
q26,Retry3W,1.93,2.4468847532077214,-0.5168847532077214,1.052,-0.88x,-1.3948847532077213,86.51,210.29,211.68,or_to_union,,or_to_union,OR predicate decomposition into UNION ALL branches,True,False,False,assignment,0.5133205238739086,principle_attempt_regressed,Workers using principle `or_to_union` regressed (best 0.513x).,True,True,date literals changed,False,/mnt/c/Users/jakc9/Documents/QueryTorque_V8/research/retry_archive/retry_collect/q26/w1_optimized.sql,/mnt/c/Users/jakc9/Documents/QueryTorque_V8/packages/qt-sql/ado/benchmarks/duckdb_tpcds/swarm_batch_20260208_102033/query_26/snipe_worker_sql.sql,/mnt/c/Users/jakc9/Documents/QueryTorque_V8/packages/qt-sql/ado/benchmarks/duckdb_tpcds/queries/query_26.sql
q69,Retry4W,1.92,1.0026972940050465,0.9173027059949534,1.0431,-0.88x,0.040402705994953436,229.86,231.55,230.48,decorrelate,multi_date_range_cte|composite_decorrelate_union|prefetch_fact_join,decorrelate,Decorrelate subqueries into join/group pipelines,True,False,True,"assignment,worker_sql",1.0430743341406599,selection_or_variance_gap,"Principle was explored near/above prior level, but final swarm pick still under previous best.",True,True,date literals changed,False,/mnt/c/Users/jakc9/Documents/QueryTorque_V8/research/retry_archive/retry_neutrals_sf10_winners/q69/w2_optimized.sql,/mnt/c/Users/jakc9/Documents/QueryTorque_V8/packages/qt-sql/ado/benchmarks/duckdb_tpcds/swarm_batch_20260208_102033/query_69/worker_3_sql.sql,/mnt/c/Users/jakc9/Documents/QueryTorque_V8/packages/qt-sql/ado/benchmarks/duckdb_tpcds/queries/query_69.sql
q5,Retry3W,1.89,0.7862891496169884,1.1037108503830115,1.3618,-0.53x,0.5755108503830115,618.78,418.47,486.54,,date_cte_isolate|dimension_cte_isolate|shared_dimension_multi_channel,date_cte_isolate,Isolate date filters into selective CTE before fact joins,True,False,True,"assignment,worker_sql",1.3618019143409292,selection_or_variance_gap,"Principle was explored near/above prior level, but final swarm pick still under previous best.",True,False,,False,/mnt/c/Users/jakc9/Documents/QueryTorque_V8/research/retry_archive/retry_collect/q5/w1_optimized.sql,/mnt/c/Users/jakc9/Documents/QueryTorque_V8/packages/qt-sql/ado/benchmarks/duckdb_tpcds/swarm_batch_20260208_102033/query_5/worker_2_sql.sql,/mnt/c/Users/jakc9/Documents/QueryTorque_V8/packages/qt-sql/ado/benchmarks/duckdb_tpcds/queries/query_5.sql
q85,Retry4W,1.83,0.9301150157201417,0.8998849842798584,1.0075,-0.82x,0.0773849842798584,251.27,231.97,233.71,or_to_union,,or_to_union,OR predicate decomposition into UNION ALL branches,True,False,False,assignment,0.7775751402138628,principle_attempt_regressed,Workers using principle `or_to_union` regressed (best 0.778x).,True,False,,False,/mnt/c/Users/jakc9/Documents/QueryTorque_V8/research/retry_archive/retry_neutrals_sf10_winners/q85/w3_optimized.sql,/mnt/c/Users/jakc9/Documents/QueryTorque_V8/packages/qt-sql/ado/benchmarks/duckdb_tpcds/swarm_batch_20260208_102033/query_85/final_worker_sql.sql,/mnt/c/Users/jakc9/Documents/QueryTorque_V8/packages/qt-sql/ado/benchmarks/duckdb_tpcds/queries/query_85.sql
q51,analyst_mode,1.82,1.1165053887985468,0.7034946112014533,1.2755,-0.54x,0.1589946112014533,4359.97,4344.51,4867.93,history_steered,,history_steered,History-guided structural rewrite pattern,False,False,True,worker_sql,1.275470311582983,selection_or_variance_gap,"Principle was explored near/above prior level, but final swarm pick still under previous best.",True,False,,True,/mnt/c/Users/jakc9/Documents/QueryTorque_V8/packages/qt-sql/ado/benchmarks/duckdb_tpcds/analyst_query_51/07_optimized.sql,/mnt/c/Users/jakc9/Documents/QueryTorque_V8/packages/qt-sql/ado/benchmarks/duckdb_tpcds/swarm_batch_20260208_102033/query_51/snipe_worker_sql.sql,/mnt/c/Users/jakc9/Documents/QueryTorque_V8/packages/qt-sql/ado/benchmarks/duckdb_tpcds/queries/query_51.sql
q54,Retry4W,1.81,1.1757674418604651,0.6342325581395349,1.0496,-0.76x,-0.12616744186046502,215.0,242.47,252.79,date_cte_isolate,date_cte_isolate|dimension_cte_isolate|shared_dimension_multi_channel,date_cte_isolate,Isolate date filters into selective CTE before fact joins,True,True,True,"assignment,reanalyze,worker_sql",1.0496298719415735,principle_attempt_underperformed,Principle `date_cte_isolate` was explored but best swarm attempt (1.050x) was below previous result (1.176x on same-baseline when available).,True,True,date literals changed,False,/mnt/c/Users/jakc9/Documents/QueryTorque_V8/research/retry_archive/retry_neutrals/q54/w3_optimized.sql,/mnt/c/Users/jakc9/Documents/QueryTorque_V8/packages/qt-sql/ado/benchmarks/duckdb_tpcds/swarm_batch_20260208_102033/query_54/worker_2_sql.sql,/mnt/c/Users/jakc9/Documents/QueryTorque_V8/packages/qt-sql/ado/benchmarks/duckdb_tpcds/queries/query_54.sql
q78,Retry4W,1.81,0.5585938442483854,1.2514061557516145,1.0141,-0.80x,0.45550615575161457,4973.56,2963.54,2778.2,pushdown,prefetch_fact_join|multi_dimension_prefetch|single_pass_aggregation,pushdown,Predicate pushdown into fact scans,True,False,False,assignment,1.0014782700758509,selection_or_variance_gap,"Principle was explored near/above prior level, but final swarm pick still under previous best.",True,False,,False,/mnt/c/Users/jakc9/Documents/QueryTorque_V8/research/retry_archive/retry_neutrals/q78/w2_optimized.sql,/mnt/c/Users/jakc9/Documents/QueryTorque_V8/packages/qt-sql/ado/benchmarks/duckdb_tpcds/swarm_batch_20260208_102033/query_78/worker_3_sql.sql,/mnt/c/Users/jakc9/Documents/QueryTorque_V8/packages/qt-sql/ado/benchmarks/duckdb_tpcds/queries/query_78.sql
q22,Retry3W,1.69,1.2638930898284766,0.42610691017152336,1.0358,-0.65x,-0.22809308982847654,4529.41,6122.69,5724.69,date_cte_isolate,prefetch_fact_join|multi_dimension_prefetch|single_pass_aggregation,date_cte_isolate,Isolate date filters into selective CTE before fact joins,True,False,True,"assignment,worker_sql",1.0358473947338065,principle_attempt_underperformed,Principle `date_cte_isolate` was explored but best swarm attempt (1.036x) was below previous result (1.264x on same-baseline when available).,True,False,,False,/mnt/c/Users/jakc9/Documents/QueryTorque_V8/research/retry_archive/retry_collect/q22/w2_optimized.sql,/mnt/c/Users/jakc9/Documents/QueryTorque_V8/packages/qt-sql/ado/benchmarks/duckdb_tpcds/swarm_batch_20260208_102033/query_22/worker_3_sql.sql,/mnt/c/Users/jakc9/Documents/QueryTorque_V8/packages/qt-sql/ado/benchmarks/duckdb_tpcds/queries/query_22.sql
q58,Retry4W,1.64,0.9761643501584979,0.663835649841502,1.1917,-0.45x,0.21553564984150209,164.04,169.53,160.13,materialize_cte,,materialize_cte,Materialize reusable intermediate result sets,True,False,True,"assignment,worker_sql",1.191719916932481,selection_or_variance_gap,"Principle was explored near/above prior level, but final swarm pick still under previous best.",True,False,,False,/mnt/c/Users/jakc9/Documents/QueryTorque_V8/research/retry_archive/retry_neutrals/q58/w1_optimized.sql,/mnt/c/Users/jakc9/Documents/QueryTorque_V8/packages/qt-sql/ado/benchmarks/duckdb_tpcds/swarm_batch_20260208_102033/query_58/snipe_worker_sql.sql,/mnt/c/Users/jakc9/Documents/QueryTorque_V8/packages/qt-sql/ado/benchmarks/duckdb_tpcds/queries/query_58.sql
q96,Retry3W,1.64,1.2027315683863034,0.43726843161369655,1.0041,-0.64x,-0.19863156838630336,154.49,175.7,185.81,early_filter,or_to_union|intersect_to_exists|composite_decorrelate_union,early_filter,Push selective filters before heavy joins/aggregations,True,True,True,"assignment,reanalyze,worker_sql",1.0041128340244836,principle_attempt_underperformed,Principle `early_filter` was explored but best swarm attempt (1.004x) was below previous result (1.203x on same-baseline when available).,True,False,,False,/mnt/c/Users/jakc9/Documents/QueryTorque_V8/research/retry_archive/retry_collect/q96/w2_optimized.sql,/mnt/c/Users/jakc9/Documents/QueryTorque_V8/packages/qt-sql/ado/benchmarks/duckdb_tpcds/swarm_batch_20260208_102033/query_96/worker_4_sql.sql,/mnt/c/Users/jakc9/Documents/QueryTorque_V8/packages/qt-sql/ado/benchmarks/duckdb_tpcds/queries/query_96.sql
q73,Retry3W,1.57,1.1090763220315334,0.46092367796846667,1.1198,-0.45x,0.010723677968466516,286.68,310.94,317.95,or_to_union,,or_to_union,OR predicate decomposition into UNION ALL branches,True,False,False,assignment,1.0680600720976903,principle_attempt_underperformed,Principle `or_to_union` was explored but best swarm attempt (1.068x) was below previous result (1.109x on same-baseline when available).,True,False,,False,/mnt/c/Users/jakc9/Documents/QueryTorque_V8/research/retry_archive/retry_collect/q73/w2_optimized.sql,/mnt/c/Users/jakc9/Documents/QueryTorque_V8/packages/qt-sql/ado/benchmarks/duckdb_tpcds/swarm_batch_20260208_102033/query_73/snipe_worker_sql.sql,/mnt/c/Users/jakc9/Documents/QueryTorque_V8/packages/qt-sql/ado/benchmarks/duckdb_tpcds/queries/query_73.sql
q68,Retry4W,1.42,0.8246025665581307,0.5953974334418692,1.1716,-0.25x,0.3469974334418693,626.52,510.18,516.63,or_to_union,,or_to_union,OR predicate decomposition into UNION ALL branches,True,False,False,assignment,0.6740961641464521,principle_attempt_regressed,Workers using principle `or_to_union` regressed (best 0.674x).,True,False,,False,/mnt/c/Users/jakc9/Documents/QueryTorque_V8/research/retry_archive/retry_neutrals/q68/w2_optimized.sql,/mnt/c/Users/jakc9/Documents/QueryTorque_V8/packages/qt-sql/ado/benchmarks/duckdb_tpcds/swarm_batch_20260208_102033/query_68/snipe_worker_sql.sql,/mnt/c/Users/jakc9/Documents/QueryTorque_V8/packages/qt-sql/ado/benchmarks/duckdb_tpcds/queries/query_68.sql
q72,Retry4W,1.38,0.5770945412136489,0.802905458786351,1.131,-0.25x,0.5539054587863511,1063.24,547.27,613.59,semantic_rewrite,early_filter|pushdown|materialize_cte,semantic_rewrite,Semantic rewrite without explicit structural label,False,False,True,worker_sql,1.1309813140521074,selection_or_variance_gap,"Principle was explored near/above prior level, but final swarm pick still under previous best.",True,True,date literals changed,False,/mnt/c/Users/jakc9/Documents/QueryTorque_V8/research/retry_archive/retry_neutrals/q72/w1_optimized.sql,/mnt/c/Users/jakc9/Documents/QueryTorque_V8/packages/qt-sql/ado/benchmarks/duckdb_tpcds/swarm_batch_20260208_102033/query_72/worker_1_sql.sql,/mnt/c/Users/jakc9/Documents/QueryTorque_V8/packages/qt-sql/ado/benchmarks/duckdb_tpcds/queries/query_72.sql
q44,state_0,1.3654,0.9465408805031446,0.4188591194968554,1.216,-0.15x,0.2694591194968554,3.18,3.01,3.01,materialize_cte,intersect_to_exists|or_to_union|composite_decorrelate_union,materialize_cte,Materialize reusable intermediate result sets,True,False,True,"assignment,worker_sql",1.2159670898043362,selection_or_variance_gap,"Principle was explored near/above prior level, but final swarm pick still under previous best.",True,False,,True,/mnt/c/Users/jakc9/Documents/QueryTorque_V8/packages/qt-sql/ado/benchmarks/duckdb_tpcds/best/q44.sql,/mnt/c/Users/jakc9/Documents/QueryTorque_V8/packages/qt-sql/ado/benchmarks/duckdb_tpcds/swarm_batch_20260208_102033/query_44/worker_4_sql.sql,/mnt/c/Users/jakc9/Documents/QueryTorque_V8/packages/qt-sql/ado/benchmarks/duckdb_tpcds/queries/query_44.sql
q74,Kimi,1.36,0.747817438754911,0.6121825612450891,1.228,-0.13x,0.48018256124508896,3036.57,1992.91,2270.8,pushdown,,pushdown,Predicate pushdown into fact scans,True,False,False,assignment,0,principle_attempt_regressed,Workers using principle `pushdown` regressed (best 0.000x).,True,False,,False,/mnt/c/Users/jakc9/Documents/QueryTorque_V8/research/CONSOLIDATED_BENCHMARKS/kimi_q31-q99_optimization/q74/output_optimized.sql,/mnt/c/Users/jakc9/Documents/QueryTorque_V8/packages/qt-sql/ado/benchmarks/duckdb_tpcds/swarm_batch_20260208_102033/query_74/snipe_worker_sql.sql,/mnt/c/Users/jakc9/Documents/QueryTorque_V8/packages/qt-sql/ado/benchmarks/duckdb_tpcds/queries/query_74.sql
q6,Kimi,1.33,0.6298577597155195,0.7001422402844806,1.2309,-0.10x,0.6010422402844806,314.96,190.32,198.38,,,date_cte_isolate,Isolate date filters into selective CTE before fact joins,True,False,True,"assignment,worker_sql",1.2309031652125118,selection_or_variance_gap,"Principle was explored near/above prior level, but final swarm pick still under previous best.",True,False,,False,/mnt/c/Users/jakc9/Documents/QueryTorque_V8/research/CONSOLIDATED_BENCHMARKS/kimi_q1-q30_optimization/q6/output_optimized.sql,/mnt/c/Users/jakc9/Documents/QueryTorque_V8/packages/qt-sql/ado/benchmarks/duckdb_tpcds/swarm_batch_20260208_102033/query_6/snipe_worker_sql.sql,/mnt/c/Users/jakc9/Documents/QueryTorque_V8/packages/qt-sql/ado/benchmarks/duckdb_tpcds/queries/query_6.sql
q28,Kimi,1.33,0.5977897007183472,0.7322102992816528,1.052,-0.28x,0.4542102992816528,2805.05,1658.94,1676.83,semantic_rewrite,pushdown|materialize_cte|early_filter,semantic_rewrite,Semantic rewrite without explicit structural label,False,False,True,worker_sql,1.0519885108802667,selection_or_variance_gap,"Principle was explored near/above prior level, but final swarm pick still under previous best.",True,False,,False,/mnt/c/Users/jakc9/Documents/QueryTorque_V8/research/CONSOLIDATED_BENCHMARKS/kimi_q1-q30_optimization/q28/output_optimized.sql,/mnt/c/Users/jakc9/Documents/QueryTorque_V8/packages/qt-sql/ado/benchmarks/duckdb_tpcds/swarm_batch_20260208_102033/query_28/worker_1_sql.sql,/mnt/c/Users/jakc9/Documents/QueryTorque_V8/packages/qt-sql/ado/benchmarks/duckdb_tpcds/queries/query_28.sql
q31,Retry4W,1.33,0.8895503177540021,0.440449682245998,0.8061,-0.52x,-0.08345031775400202,497.24,587.23,442.32,pushdown,,pushdown,Predicate pushdown into fact scans,True,True,False,"assignment,reanalyze",0.7567459027281345,principle_attempt_regressed,Workers using principle `pushdown` regressed (best 0.757x).,True,False,,False,/mnt/c/Users/jakc9/Documents/QueryTorque_V8/research/retry_archive/retry_neutrals/q31/w3_optimized.sql,/mnt/c/Users/jakc9/Documents/QueryTorque_V8/packages/qt-sql/ado/benchmarks/duckdb_tpcds/swarm_batch_20260208_102033/query_31/snipe_worker_sql.sql,/mnt/c/Users/jakc9/Documents/QueryTorque_V8/packages/qt-sql/ado/benchmarks/duckdb_tpcds/queries/query_31.sql
q10,Retry4W,1.32,1.003273620078203,0.316726379921797,1.1092,-0.21x,0.10592637992179688,219.94,203.74,220.66,date_cte_isolate,date_cte_isolate|dimension_cte_isolate|shared_dimension_multi_channel,date_cte_isolate,Isolate date filters into selective CTE before fact joins,True,False,True,"assignment,worker_sql",1.1092221064259817,selection_or_variance_gap,"Principle was explored near/above prior level, but final swarm pick still under previous best.",True,True,date literals changed,False,/mnt/c/Users/jakc9/Documents/QueryTorque_V8/research/retry_archive/retry_neutrals_sf10_winners/q10/w2_optimized.sql,/mnt/c/Users/jakc9/Documents/QueryTorque_V8/packages/qt-sql/ado/benchmarks/duckdb_tpcds/swarm_batch_20260208_102033/query_10/worker_2_sql.sql,/mnt/c/Users/jakc9/Documents/QueryTorque_V8/packages/qt-sql/ado/benchmarks/duckdb_tpcds/queries/query_10.sql
q37,Retry3W,1.3,0.8693698401086843,0.4306301598913157,1.134,-0.17x,0.26463015989131555,95.69,77.17,83.19,date_cte_isolate,early_filter|pushdown|date_cte_isolate,date_cte_isolate,Isolate date filters into selective CTE before fact joins,True,False,True,"assignment,worker_sql",10.635274085511984,selection_or_variance_gap,"Principle was explored near/above prior level, but final swarm pick still under previous best.",True,True,"numeric literals diverged (8 new, 9 missing)",False,/mnt/c/Users/jakc9/Documents/QueryTorque_V8/research/retry_archive/retry_collect/q37/w2_optimized.sql,/mnt/c/Users/jakc9/Documents/QueryTorque_V8/packages/qt-sql/ado/benchmarks/duckdb_tpcds/swarm_batch_20260208_102033/query_37/worker_1_sql.sql,/mnt/c/Users/jakc9/Documents/QueryTorque_V8/packages/qt-sql/ado/benchmarks/duckdb_tpcds/queries/query_37.sql
q98,Retry4W,1.26,0.7626014663524484,0.4973985336475516,1.0995,-0.16x,0.3368985336475515,305.52,227.79,232.99,date_cte_isolate,prefetch_fact_join|single_pass_aggregation|deferred_window_aggregation,date_cte_isolate,Isolate date filters into selective CTE before fact joins,True,False,True,"assignment,worker_sql",1.0995246408983421,selection_or_variance_gap,"Principle was explored near/above prior level, but final swarm pick still under previous best.",True,True,"numeric literals diverged (6 new, 5 missing)",False,/mnt/c/Users/jakc9/Documents/QueryTorque_V8/research/retry_archive/retry_neutrals_sf10_winners/q98/w2_optimized.sql,/mnt/c/Users/jakc9/Documents/QueryTorque_V8/packages/qt-sql/ado/benchmarks/duckdb_tpcds/swarm_batch_20260208_102033/query_98/worker_3_sql.sql,/mnt/c/Users/jakc9/Documents/QueryTorque_V8/packages/qt-sql/ado/benchmarks/duckdb_tpcds/queries/query_98.sql
q83,Kimi,1.24,0.7809836065573771,0.4590163934426229,1.216,-0.02x,0.4350163934426229,61.0,46.25,47.64,materialize_cte,prefetch_fact_join|multi_dimension_prefetch|decorrelate,materialize_cte,Materialize reusable intermediate result sets,True,False,True,"assignment,worker_sql",1.2160281675930091,selection_or_variance_gap,"Principle was explored near/above prior level, but final swarm pick still under previous best.",True,False,,False,/mnt/c/Users/jakc9/Documents/QueryTorque_V8/research/CONSOLIDATED_BENCHMARKS/kimi_q31-q99_optimization/q83/output_optimized.sql,/mnt/c/Users/jakc9/Documents/QueryTorque_V8/packages/qt-sql/ado/benchmarks/duckdb_tpcds/swarm_batch_20260208_102033/query_83/worker_3_sql.sql,/mnt/c/Users/jakc9/Documents/QueryTorque_V8/packages/qt-sql/ado/benchmarks/duckdb_tpcds/queries/query_83.sql
q12,Retry3W,1.23,0.708867819297267,0.5211321807027329,1.0794,-0.15x,0.37053218070273286,89.65,63.51,63.55,,,date_cte_isolate,Isolate date filters into selective CTE before fact joins,True,False,True,"assignment,worker_sql",1.0794498261894447,selection_or_variance_gap,"Principle was explored near/above prior level, but final swarm pick still under previous best.",True,True,"numeric literals diverged (6 new, 5 missing)",False,/mnt/c/Users/jakc9/Documents/QueryTorque_V8/research/retry_archive/retry_collect/q12/w3_optimized.sql,/mnt/c/Users/jakc9/Documents/QueryTorque_V8/packages/qt-sql/ado/benchmarks/duckdb_tpcds/swarm_batch_20260208_102033/query_12/snipe_worker_sql.sql,/mnt/c/Users/jakc9/Documents/QueryTorque_V8/packages/qt-sql/ado/benchmarks/duckdb_tpcds/queries/query_12.sql
q66,Kimi,1.23,0.5446193862586126,0.6853806137413874,1.0818,-0.15x,0.5371806137413875,361.39,207.33,196.82,date_cte_isolate,,date_cte_isolate,Isolate date filters into selective CTE before fact joins,True,False,True,"assignment,worker_sql",1.081787462681993,selection_or_variance_gap,"Principle was explored near/above prior level, but final swarm pick still under previous best.",True,False,,False,/mnt/c/Users/jakc9/Documents/QueryTorque_V8/research/CONSOLIDATED_BENCHMARKS/kimi_q31-q99_optimization/q66/output_optimized.sql,/mnt/c/Users/jakc9/Documents/QueryTorque_V8/packages/qt-sql/ado/benchmarks/duckdb_tpcds/swarm_batch_20260208_102033/query_66/snipe_worker_sql.sql,/mnt/c/Users/jakc9/Documents/QueryTorque_V8/packages/qt-sql/ado/benchmarks/duckdb_tpcds/queries/query_66.sql
q3,Retry4W,1.19,0.7860155026306277,0.40398449736937225,1.0433,-0.15x,0.2572844973693722,248.99,205.7,195.71,,,date_cte_isolate,Isolate date filters into selective CTE before fact joins,True,False,True,"assignment,worker_sql",1.043321386571465,selection_or_variance_gap,"Principle was explored near/above prior level, but final swarm pick still under previous best.",True,False,,False,/mnt/c/Users/jakc9/Documents/QueryTorque_V8/research/retry_archive/retry_neutrals/q3/w1_optimized.sql,/mnt/c/Users/jakc9/Documents/QueryTorque_V8/packages/qt-sql/ado/benchmarks/duckdb_tpcds/swarm_batch_20260208_102033/query_3/snipe_worker_sql.sql,/mnt/c/Users/jakc9/Documents/QueryTorque_V8/packages/qt-sql/ado/benchmarks/duckdb_tpcds/queries/query_3.sql
q17,Kimi,1.19,0.5583947132924898,0.6316052867075101,1.0385,-0.15x,0.4801052867075102,726.35,385.67,405.59,,date_cte_isolate|dimension_cte_isolate|multi_date_range_cte,unlabeled_structural_rewrite,unlabeled structural rewrite,False,False,False,none,,unlabeled_prev_principle,"Previous winning SQL has no explicit transform label, so swarm had weak guidance on the exact winning tactic.",True,False,,False,/mnt/c/Users/jakc9/Documents/QueryTorque_V8/research/CONSOLIDATED_BENCHMARKS/kimi_q1-q30_optimization/q17/output_optimized.sql,/mnt/c/Users/jakc9/Documents/QueryTorque_V8/packages/qt-sql/ado/benchmarks/duckdb_tpcds/swarm_batch_20260208_102033/query_17/worker_2_sql.sql,/mnt/c/Users/jakc9/Documents/QueryTorque_V8/packages/qt-sql/ado/benchmarks/duckdb_tpcds/queries/query_17.sql
q19,Retry4W,1.16,0.8468092712864207,0.3131907287135792,1.0768,-0.08x,0.22999072871357928,335.66,323.03,284.24,date_cte_isolate,early_filter|pushdown|materialize_cte,date_cte_isolate,Isolate date filters into selective CTE before fact joins,True,False,True,"assignment,worker_sql",1.076821298293995,selection_or_variance_gap,"Principle was explored near/above prior level, but final swarm pick still under previous best.",True,True,date literals changed,False,/mnt/c/Users/jakc9/Documents/QueryTorque_V8/research/retry_archive/retry_neutrals/q19/w4_optimized.sql,/mnt/c/Users/jakc9/Documents/QueryTorque_V8/packages/qt-sql/ado/benchmarks/duckdb_tpcds/swarm_batch_20260208_102033/query_19/worker_1_sql.sql,/mnt/c/Users/jakc9/Documents/QueryTorque_V8/packages/qt-sql/ado/benchmarks/duckdb_tpcds/queries/query_19.sql
q20,Retry4W,1.13,0.5832938575714511,0.5467061424285488,1.0687,-0.06x,0.48540614242854885,63.33,36.88,36.94,date_cte_isolate,or_to_union|intersect_to_exists|composite_decorrelate_union,date_cte_isolate,Isolate date filters into selective CTE before fact joins,True,False,True,"assignment,worker_sql",1.0687081989262024,selection_or_variance_gap,"Principle was explored near/above prior level, but final swarm pick still under previous best.",True,True,"numeric literals diverged (6 new, 5 missing)",False,/mnt/c/Users/jakc9/Documents/QueryTorque_V8/research/retry_archive/retry_neutrals_sf10_winners/q20/w3_optimized.sql,/mnt/c/Users/jakc9/Documents/QueryTorque_V8/packages/qt-sql/ado/benchmarks/duckdb_tpcds/swarm_batch_20260208_102033/query_20/worker_4_sql.sql,/mnt/c/Users/jakc9/Documents/QueryTorque_V8/packages/qt-sql/ado/benchmarks/duckdb_tpcds/queries/query_20.sql
q25,Kimi,0.98,0.1700610417023219,0.8099389582976781,0.9515,-0.03x,0.7814389582976782,525.87,88.31,89.43,date_cte_isolate,prefetch_fact_join|multi_dimension_prefetch|single_pass_aggregation,date_cte_isolate,Isolate date filters into selective CTE before fact joins,True,False,True,"assignment,worker_sql",0.9515244420393175,principle_attempt_regressed,Workers using principle `date_cte_isolate` regressed (best 0.952x).,True,False,,False,/mnt/c/Users/jakc9/Documents/QueryTorque_V8/research/CONSOLIDATED_BENCHMARKS/kimi_q1-q30_optimization/q25/output_optimized.sql,/mnt/c/Users/jakc9/Documents/QueryTorque_V8/packages/qt-sql/ado/benchmarks/duckdb_tpcds/swarm_batch_20260208_102033/query_25/worker_3_sql.sql,/mnt/c/Users/jakc9/Documents/QueryTorque_V8/packages/qt-sql/ado/benchmarks/duckdb_tpcds/queries/query_25.sql
q91,Retry3W,0.89,0.6954200041076196,0.1945799958923804,0.8316,-0.06x,0.1361799958923804,48.69,40.97,33.86,or_to_union,early_filter|pushdown|materialize_cte,or_to_union,OR predicate decomposition into UNION ALL branches,True,False,False,assignment,0.6991972575406339,principle_attempt_regressed,Workers using principle `or_to_union` regressed (best 0.699x).,False,True,date literals changed,False,/mnt/c/Users/jakc9/Documents/QueryTorque_V8/research/retry_archive/retry_collect/q91/w1_optimized.sql,/mnt/c/Users/jakc9/Documents/QueryTorque_V8/packages/qt-sql/ado/benchmarks/duckdb_tpcds/swarm_batch_20260208_102033/query_91/worker_1_sql.sql,/mnt/c/Users/jakc9/Documents/QueryTorque_V8/packages/qt-sql/ado/benchmarks/duckdb_tpcds/queries/query_91.sql
q24,Kimi,0.87,1.0180401164022344,-0.14804011640223436,,N/A,,896.89,,913.07,pushdown,,pushdown,Predicate pushdown into fact scans,True,True,False,"assignment,reanalyze",0,missing_swarm_result,No valid swarm speedup recorded; previous best stood uncontested in this batch.,False,False,,False,/mnt/c/Users/jakc9/Documents/QueryTorque_V8/research/CONSOLIDATED_BENCHMARKS/kimi_q1-q30_optimization/q24/output_optimized.sql,,/mnt/c/Users/jakc9/Documents/QueryTorque_V8/packages/qt-sql/ado/benchmarks/duckdb_tpcds/queries/query_24.sql
