query,original_ms,optimized_ms,time_saved_ms,best_speedup,pattern,source,status,failure_reason,ml_recommendations,attempts,successful,failed
q1,18.43,3.90,14.54,4.73x,Kimi_LLM,Kimi Q1-Q30,GOOD,,"q14(1.83x), q74(1.36x), q9(2.11x)",3,3,0
q10,52.99,51.20,1.80,1.04x,Kimi_LLM,Kimi Q1-Q30,OK,,"q14(1.83x), q74(1.36x), q9(2.11x)",2,2,0
q11,829.79,819.55,10.24,1.01x,Kimi_LLM,Kimi Q1-Q30,OK,,"q14(1.83x), q74(1.36x), q9(2.11x)",1,1,0
q12,23.45,24.97,-1.52,0.94x,Kimi_LLM,Kimi Q1-Q30,REGRESS,Performance regression,"q14(1.83x), q74(1.36x), q9(2.11x)",1,1,0
q13,96.84,88.22,8.62,1.10x,Kimi_LLM,Kimi Q1-Q30,OK,,"q14(1.83x), q74(1.36x), q9(2.11x)",2,2,0
q14,1063.59,551.29,512.29,1.93x,Kimi_LLM,Kimi Q1-Q30,GOOD,,"q14(1.83x), q74(1.36x), q9(2.11x)",1,1,0
q15,42.11,23.49,18.62,1.79x,Kimi_LLM,Kimi Q1-Q30,GOOD,,"q14(1.83x), q74(1.36x), q9(2.11x)",1,1,0
q16,10.11,179.19,-169.08,0.06x,Kimi_LLM,Kimi Q1-Q30,REGRESS,Performance regression,"q14(1.83x), q74(1.36x), q9(2.11x)",2,2,0
q17,72.53,68.99,3.54,1.05x,Kimi_LLM,Kimi Q1-Q30,OK,,"q14(1.83x), q74(1.36x), q9(2.11x)",1,1,0
q18,109.07,98.70,10.37,1.11x,V2_Auto,benchmark_v2,OK,,"q14(1.83x), q74(1.36x), q9(2.11x)",2,2,0
q19,51.87,49.98,1.88,1.04x,V2_Auto,benchmark_v2,OK,,"q14(1.83x), q74(1.36x), q9(2.11x)",2,2,0
q2,103.77,56.70,47.06,1.83x,Kimi_LLM,Kimi Q1-Q30,GOOD,,"q14(1.83x), q74(1.36x), q9(2.11x)",2,2,0
q20,25.17,25.27,-0.09,1.00x,Kimi_LLM,Kimi Q1-Q30,REGRESS,Performance regression,"q14(1.83x), q74(1.36x), q9(2.11x)",2,2,0
q21,16.01,14.74,1.27,1.09x,V2_Auto,benchmark_v2,OK,,"q14(1.83x), q74(1.36x), q9(2.11x)",2,2,0
q22,2335.31,2373.86,-38.54,0.98x,V2_Auto,benchmark_v2,REGRESS,Performance regression,"q14(1.83x), q74(1.36x), q9(2.11x)",2,2,0
q23,2469.04,1121.43,1347.61,2.20x,V2_Auto,benchmark_v2,GOOD,,"q14(1.83x), q74(1.36x), q9(2.11x)",2,2,0
q24,113.57,49.94,63.62,2.27x,V2_Auto,benchmark_v2,GOOD,,"q14(1.83x), q74(1.36x), q9(2.11x)",2,2,0
q25,23.66,24.24,-0.58,0.98x,Kimi_LLM,Kimi Q1-Q30,REGRESS,Performance regression,"q14(1.83x), q74(1.36x), q9(2.11x)",2,2,0
q26,52.26,86.76,-34.50,0.60x,V2_Auto,benchmark_v2,REGRESS,Performance regression,"q14(1.83x), q74(1.36x), q9(2.11x)",2,2,0
q27,123.34,108.72,14.63,1.13x,V2_Auto,benchmark_v2,OK,,"q14(1.83x), q74(1.36x), q9(2.11x)",2,2,0
q28,177.39,173.19,4.20,1.02x,Kimi_LLM,Kimi Q1-Q30,OK,,"q14(1.83x), q9(2.11x), q74(1.36x)",2,2,0
q29,53.22,56.70,-3.48,0.94x,Kimi_LLM,Kimi Q1-Q30,REGRESS,Performance regression,"q14(1.83x), q74(1.36x), q9(2.11x)",2,2,0
q3,22.31,22.26,0.05,1.00x,Kimi_LLM,Kimi Q1-Q30,OK,,"q14(1.83x), q74(1.36x), q9(2.11x)",1,1,0
q30,,,,0,N/A,None,FAIL,"BinderException: Binder Error: Referenced column ""c_current_","q14(1.83x), q74(1.36x), q9(2.11x)",2,0,2
q31,76.30,73.48,2.82,1.04x,Kimi_LLM,Kimi Q31-Q99,OK,,"q14(1.83x), q74(1.36x), q9(2.11x)",2,1,1
q32,16.29,20.41,-4.13,0.80x,Kimi_LLM,Kimi Q31-Q99,REGRESS,BinderException: Binder Error: Ambiguous reference to column,"q14(1.83x), q74(1.36x), q9(2.11x)",2,1,1
q33,36.09,35.47,0.62,1.02x,Kimi_LLM,Kimi Q31-Q99,OK,,"q14(1.83x), q74(1.36x), q9(2.11x)",2,2,0
q34,45.00,141.75,-96.74,0.32x,Kimi_LLM,Kimi Q31-Q99,REGRESS,Performance regression,"q14(1.83x), q74(1.36x), q9(2.11x)",2,2,0
q35,153.96,109.51,44.45,1.41x,V2_Auto,benchmark_v2,GOOD,,"q14(1.83x), q74(1.36x), q9(2.11x)",2,2,0
q36,328.29,319.46,8.83,1.03x,Kimi_LLM,Kimi Q31-Q99,OK,,"q14(1.83x), q74(1.36x), q9(2.11x)",2,1,1
q37,15.43,15.95,-0.52,0.97x,Kimi_LLM,Kimi Q31-Q99,REGRESS,Performance regression,"q14(1.83x), q74(1.36x), q9(2.11x)",2,2,0
q38,127.86,132.64,-4.78,0.96x,Kimi_LLM,Kimi Q31-Q99,REGRESS,Performance regression,"q14(1.83x), q74(1.36x), q9(2.11x)",2,2,0
q39,673.70,107.33,566.37,6.28x,V2_Auto,benchmark_v2,GOOD,,"q14(1.83x), q74(1.36x), q9(2.11x)",2,2,0
q4,1231.66,1454.59,-222.93,0.85x,Kimi_LLM,Kimi Q1-Q30,REGRESS,Performance regression,"q14(1.83x), q74(1.36x), q9(2.11x)",1,1,0
q40,41.50,44.91,-3.41,0.92x,Kimi_LLM,Kimi Q31-Q99,REGRESS,"BinderException: Binder Error: Values list ""cs"" does not hav","q14(1.83x), q74(1.36x), q9(2.11x)",2,1,1
q41,17.18,13.74,3.44,1.25x,V2_Auto,benchmark_v2,GOOD,,"q14(1.83x), q74(1.36x), q9(2.11x)",2,2,0
q42,19.61,21.61,-2.01,0.91x,Kimi_LLM,Kimi Q31-Q99,REGRESS,Performance regression,"q14(1.83x), q74(1.36x), q9(2.11x)",2,2,0
q43,78.85,82.67,-3.82,0.95x,V2_Auto,benchmark_v2,REGRESS,Performance regression,"q14(1.83x), q74(1.36x), q9(2.11x)",2,2,0
q44,,,,0,N/A,None,FAIL,BinderException: Binder Error: WHERE clause cannot contain w,"q14(1.83x), q74(1.36x), q9(2.11x)",2,0,2
q45,53.25,48.10,5.14,1.11x,Kimi_LLM,Kimi Q31-Q99,OK,,"q14(1.83x), q74(1.36x), q9(2.11x)",2,1,1
q46,134.64,129.23,5.41,1.04x,Kimi_LLM,Kimi Q31-Q99,OK,,"q14(1.83x), q74(1.36x), q9(2.11x)",2,2,0
q47,258.03,257.89,0.13,1.00x,Kimi_LLM,Kimi Q31-Q99,OK,,"q14(1.83x), q74(1.36x), q9(2.11x)",2,2,0
q48,94.49,98.44,-3.95,0.96x,Kimi_LLM,Kimi Q31-Q99,REGRESS,Performance regression,"q14(1.83x), q74(1.36x), q9(2.11x)",2,2,0
q49,57.66,49.36,8.31,1.17x,Kimi_LLM,Kimi Q31-Q99,OK,,"q14(1.83x), q74(1.36x), q9(2.11x)",2,2,0
q5,80.71,89.69,-8.98,0.90x,Kimi_LLM,Kimi Q1-Q30,REGRESS,Performance regression,"q14(1.83x), q74(1.36x), q9(2.11x)",1,1,0
q50,83.09,73.48,9.60,1.13x,Kimi_LLM,Kimi Q31-Q99,OK,,"q14(1.83x), q74(1.36x), q9(2.11x)",2,2,0
q51,857.72,545.94,311.78,1.57x,Kimi_LLM,Kimi Q31-Q99,GOOD,,"q14(1.83x), q74(1.36x), q9(2.11x)",2,2,0
q52,21.39,19.96,1.43,1.07x,Kimi_LLM,Kimi Q31-Q99,OK,,"q14(1.83x), q74(1.36x), q9(2.11x)",2,2,0
q53,44.49,45.29,-0.80,0.98x,V2_Auto,benchmark_v2,REGRESS,Performance regression,"q14(1.83x), q74(1.36x), q9(2.11x)",2,2,0
q54,20.37,21.26,-0.89,0.96x,Kimi_LLM,Kimi Q31-Q99,REGRESS,BinderException: Binder Error: Ambiguous reference to column,"q14(1.83x), q74(1.36x), q9(2.11x)",2,1,1
q55,21.77,20.79,0.98,1.05x,Kimi_LLM,Kimi Q31-Q99,OK,,"q14(1.83x), q74(1.36x), q9(2.11x)",2,2,0
q56,46.34,45.28,1.05,1.02x,V2_Auto,benchmark_v2,OK,,"q14(1.83x), q74(1.36x), q9(2.11x)",2,2,0
q57,129.64,574.84,-445.20,0.23x,Kimi_LLM,Kimi Q31-Q99,REGRESS,"BinderException: Binder Error: Referenced column ""d_year"" no","q14(1.83x), q74(1.36x), q9(2.11x)",2,1,1
q58,35.69,39.06,-3.37,0.91x,Kimi_LLM,Kimi Q31-Q99,REGRESS,Performance regression,"q14(1.83x), q74(1.36x), q9(2.11x)",2,2,0
q59,237.62,147.89,89.73,1.61x,Kimi_LLM,Kimi Q31-Q99,GOOD,,"q14(1.83x), q74(1.36x), q9(2.11x)",2,1,1
q6,61.83,35.74,26.09,1.73x,Kimi_LLM,Kimi Q1-Q30,GOOD,,"q14(1.83x), q74(1.36x), q9(2.11x)",1,1,0
q60,62.12,49.70,12.42,1.25x,Kimi_LLM,Kimi Q31-Q99,GOOD,,"q14(1.83x), q74(1.36x), q9(2.11x)",2,2,0
q61,19.68,17.69,1.98,1.11x,V2_Auto,benchmark_v2,OK,,"q14(1.83x), q74(1.36x), q9(2.11x)",2,2,0
q62,34.34,32.24,2.10,1.07x,Kimi_LLM,Kimi Q31-Q99,OK,,"q14(1.83x), q74(1.36x), q9(2.11x)",2,2,0
q63,34.07,36.24,-2.18,0.94x,Kimi_LLM,Kimi Q31-Q99,REGRESS,Performance regression,"q14(1.83x), q74(1.36x), q9(2.11x)",2,2,0
q64,212.79,207.12,5.66,1.03x,Kimi_LLM,Kimi Q31-Q99,OK,,"q14(1.83x), q74(1.36x), q9(2.11x)",2,2,0
q65,301.10,122.36,178.74,2.46x,Kimi_LLM,Kimi Q31-Q99,GOOD,,"q14(1.83x), q74(1.36x), q9(2.11x)",2,2,0
q66,77.72,76.35,1.37,1.02x,V2_Auto,benchmark_v2,OK,,"q14(1.83x), q74(1.36x), q9(2.11x)",2,2,0
q67,2301.95,2214.41,87.54,1.04x,Kimi_LLM,Kimi Q31-Q99,OK,,"q14(1.83x), q74(1.36x), q9(2.11x)",2,2,0
q68,20.15,18.72,1.42,1.08x,Kimi_LLM,Kimi Q31-Q99,OK,,"q14(1.83x), q74(1.36x), q9(2.11x)",2,2,0
q69,77.17,51.10,26.08,1.51x,V2_Auto,benchmark_v2,GOOD,,"q14(1.83x), q74(1.36x), q9(2.11x)",2,2,0
q7,107.58,110.27,-2.70,0.98x,V2_Auto,benchmark_v2,REGRESS,Performance regression,"q14(1.83x), q74(1.36x), q9(2.11x)",2,2,0
q70,88.07,110.58,-22.50,0.80x,Kimi_LLM,Kimi Q31-Q99,REGRESS,BinderException: Binder Error: HAVING clause cannot contain ,"q14(1.83x), q74(1.36x), q9(2.11x)",2,1,1
q71,50.64,47.56,3.08,1.06x,Kimi_LLM,Kimi Q31-Q99,OK,,"q14(1.83x), q74(1.36x), q9(2.11x)",2,2,0
q72,167.75,172.87,-5.13,0.97x,Kimi_LLM,Kimi Q31-Q99,REGRESS,"BinderException: Binder Error: Referenced table ""sold_dates""","q14(1.83x), q74(1.36x), q9(2.11x)",2,1,1
q73,16.72,16.93,-0.21,0.99x,Kimi_LLM,Kimi Q31-Q99,REGRESS,Performance regression,"q14(1.83x), q74(1.36x), q9(2.11x)",2,2,0
q74,598.32,228.77,369.55,2.62x,Kimi_LLM,Kimi Q31-Q99,GOOD,,"q14(1.83x), q74(1.36x), q9(2.11x)",2,1,1
q75,229.92,232.77,-2.85,0.99x,Kimi_LLM,Kimi Q31-Q99,REGRESS,Performance regression,"q14(1.83x), q74(1.36x), q9(2.11x)",2,2,0
q76,44.36,42.26,2.10,1.05x,Kimi_LLM,Kimi Q31-Q99,OK,,"q14(1.83x), q74(1.36x), q9(2.11x)",2,2,0
q77,42.13,41.31,0.82,1.02x,Kimi_LLM,Kimi Q31-Q99,OK,,"q14(1.83x), q74(1.36x), q9(2.11x)",2,2,0
q78,503.24,499.64,3.60,1.01x,Kimi_LLM,Kimi Q31-Q99,OK,,"q14(1.83x), q74(1.36x), q9(2.11x)",2,1,1
q79,61.42,60.43,0.99,1.02x,Kimi_LLM,Kimi Q31-Q99,OK,,"q14(1.83x), q74(1.36x), q9(2.11x)",2,2,0
q8,372.73,322.72,50.01,1.15x,Kimi_LLM,Kimi Q1-Q30,OK,,"q14(1.83x), q74(1.36x), q9(2.11x)",1,1,0
q80,137.46,101.72,35.74,1.35x,V2_Auto,benchmark_v2,GOOD,,"q14(1.83x), q74(1.36x), q9(2.11x)",2,2,0
q81,51.22,37.65,13.57,1.36x,Kimi_LLM,Kimi Q31-Q99,GOOD,,"q14(1.83x), q74(1.36x), q9(2.11x)",2,1,1
q82,21.61,22.39,-0.78,0.97x,Kimi_LLM,Kimi Q31-Q99,REGRESS,Performance regression,"q14(1.83x), q74(1.36x), q9(2.11x)",2,2,0
q83,22.10,17.48,4.62,1.26x,V2_Auto,benchmark_v2,GOOD,,"q14(1.83x), q74(1.36x), q9(2.11x)",2,2,0
q84,16.55,15.35,1.21,1.08x,Kimi_LLM,Kimi Q31-Q99,OK,,"q14(1.83x), q74(1.36x), q9(2.11x)",2,2,0
q85,71.03,65.29,5.74,1.09x,Kimi_LLM,Kimi Q31-Q99,OK,,"q14(1.83x), q74(1.36x), q9(2.11x)",2,2,0
q86,40.07,31.33,8.75,1.28x,V2_Auto,benchmark_v2,GOOD,,"q14(1.83x), q74(1.36x), q9(2.11x)",2,2,0
q87,161.68,149.58,12.10,1.08x,Kimi_LLM,Kimi Q31-Q99,OK,,"q14(1.83x), q74(1.36x), q9(2.11x)",2,2,0
q88,159.29,118.24,41.05,1.35x,V2_Auto,benchmark_v2,GOOD,,"q14(1.83x), q74(1.36x), q9(2.11x)",2,2,0
q89,55.17,79.85,-24.68,0.69x,Kimi_LLM,Kimi Q31-Q99,REGRESS,"BinderException: Binder Error: Referenced column ""d_moy"" not","q14(1.83x), q74(1.36x), q9(2.11x)",2,1,1
q9,189.14,400.74,-211.60,0.47x,Kimi_LLM,Kimi Q1-Q30,REGRESS,Performance regression,"q14(1.83x), q9(2.11x), q74(1.36x)",1,1,0
q90,12.14,7.80,4.33,1.56x,Kimi_LLM,Kimi Q31-Q99,GOOD,,"q14(1.83x), q74(1.36x), q9(2.11x)",2,2,0
q91,23.65,25.62,-1.97,0.92x,V2_Auto,benchmark_v2,REGRESS,Performance regression,"q14(1.83x), q74(1.36x), q9(2.11x)",2,2,0
q92,26.53,20.32,6.21,1.31x,V2_Auto,benchmark_v2,GOOD,,"q14(1.83x), q74(1.36x), q9(2.11x)",2,2,0
q93,132.35,45.42,86.93,2.91x,Kimi_LLM,Kimi Q31-Q99,GOOD,,"q14(1.83x), q74(1.36x), q9(2.11x)",2,2,0
q94,24.36,98.42,-74.06,0.25x,V2_Auto,benchmark_v2,REGRESS,Performance regression,"q14(1.83x), q74(1.36x), q9(2.11x)",2,2,0
q95,316.04,236.15,79.89,1.34x,Kimi_LLM,Kimi Q31-Q99,GOOD,,"q14(1.83x), q74(1.36x), q9(2.11x)",2,2,0
q96,22.74,23.41,-0.68,0.97x,V2_Auto,benchmark_v2,REGRESS,Performance regression,"q14(1.83x), q74(1.36x), q9(2.11x)",2,2,0
q97,185.27,183.38,1.88,1.01x,Kimi_LLM,Kimi Q31-Q99,OK,,"q14(1.83x), q74(1.36x), q9(2.11x)",2,2,0
q98,70.61,63.39,7.23,1.11x,Kimi_LLM,Kimi Q31-Q99,OK,,"q14(1.83x), q74(1.36x), q9(2.11x)",2,2,0
q99,50.96,46.84,4.12,1.09x,Kimi_LLM,Kimi Q31-Q99,OK,,"q14(1.83x), q74(1.36x), q9(2.11x)",2,2,0
